feature,direction,phase_compared,C001,C002,C003,C004
K22361,down,post_vs_pre,-22.079103541065212,-23.62067397819075,-25.29205228118257,-21.175075784799457
