feature,direction,phase_compared,C001,C002,C003,C004
K21330,up,post_vs_pre,25.862581829431388,21.85569417867878,1.1205267639414553,2.383186324880267
